{
  "rows_upcoming_odds": 20,
  "rows_with_model_prediction": 20,
  "stake_per_bet_eur": 1.0,
  "strategy": "Apostar al signo con mayor EV (odds_avg x prob_model - 1)",
  "expected_total_profit_eur": 5.307988763975819,
  "expected_roi": 0.26539943819879097,
  "bets_ev_gt_2pct": 20,
  "expected_profit_ev_gt_2pct_eur": 5.307988763975819,
  "expected_roi_ev_gt_2pct": 0.26539943819879097,
  "expected_bankroll_final_eur": 5.307988763975819,
  "next_jornada_bets": 10,
  "next_jornada_expected_profit_eur": 1.9310301192940726,
  "next_jornada_expected_roi": 0.19310301192940726,
  "next_jornada_expected_bankroll_eur": 1.9310301192940726,
  "next_jornada_settled_bets": 10,
  "next_jornada_realized_profit_eur": -1.545194805194806,
  "next_jornada_realized_roi": -0.15451948051948058,
  "next_jornada_realized_bankroll_eur": -1.545194805194806,
  "external_results_used": false,
  "external_results_rows": 30,
  "odds_snapshot_path": "out/roi/odds_snapshots/laliga_upcoming_odds_20260323_093945Z.csv",
  "next_jornada_odds_snapshot_path": "out/roi/odds_snapshots/next_jornada_odds_20260323_093945Z.csv",
  "settled_bets": 10,
  "realized_total_profit_eur": -1.545194805194806,
  "realized_roi": -0.15451948051948058,
  "generated_at_utc": "2026-03-23T09:39:47.313888+00:00"
}